Average,Precision = 0,Precision = 3,Precision = 6,Precision = 10,Precision = 17,Precision = 100,Precision = 500
Ryū format,19.46967,25.15343,30.38911,37.51198,47.45718,146.79333,387.60811
stb_sprintf,120.36186,125.22957,130.08055,138.71357,142.97248,156.20918,181.25092