Average,Precision = 0,Precision = 3,Precision = 6,Precision = 10,Precision = 16,Precision = 100,Precision = 500
Ryū format,19.44284,25.14568,30.36405,37.47865,46.07755,146.68647,387.54568
stb_sprintf,120.41295,125.10341,129.97884,138.74568,151.02564,156.14674,181.16272