Average,Precision = 0,Precision = 3,Precision = 6,Precision = 10,Precision = 17,Precision = 100,Precision = 500
Ryū format,108.7168,109.95096,114.67906,112.00237,112.06105,125.38781,286.61162
stb_sprintf,147.57608,154.20812,156.86522,157.49738,161.4285,172.56951,212.12978