Average,Precision = 0,Precision = 3,Precision = 6,Precision = 10,Precision = 16,Precision = 100,Precision = 500
Ryū format,108.83069,109.99537,114.61643,112.00389,112.28277,125.25741,286.61107
stb_sprintf,147.58732,154.13207,156.8708,157.48284,161.26665,172.51296,212.03482