Average,Precision = 0,Precision = 3,Precision = 6,Precision = 10,Precision = 16,Precision = 100,Precision = 500
Ryū format,19.488039,24.835214,29.44192,35.725649,43.901346,144.678752,382.526129
Ryū C,20.949113,24.442522,27.966237,32.112183,38.144491,110.558776,280.291006
stb sprintf,70.993214,76.972882,82.116889,89.614216,99.573514,91.893659,100.485988
