Average,Precision = 0,Precision = 3,Precision = 6,Precision = 10,Precision = 16,Precision = 100,Precision = 500
Ryū format,108.411874,109.342158,114.093117,111.00676,111.195416,123.01443,281.24751
Ryū C,80.075246,81.092651,84.306831,82.430242,82.526854,92.217872,211.376725
stb sprintf,80.579265,86.115059,93.933402,89.651453,89.824372,92.597233,107.029178
