Average,Precision = 0,Precision = 3,Precision = 6,Precision = 10,Precision = 16,Precision = 100,Precision = 500
Ryū format,20.11361,25.43734,30.56102,37.73033,46.55829,148.4549,392.01812
Ryū C,24.96351,30.38047,34.73069,40.01001,47.92989,149.28868,389.45051
stb sprintf,120.86734,125.34191,130.19945,138.43401,149.6455,156.63892,181.68059
