Average,Precision = 0,Precision = 3,Precision = 6,Precision = 10,Precision = 16,Precision = 100,Precision = 500
Ryū format,107.73673,108.93581,113.58082,111.11184,111.12041,124.60114,282.92637
Ryū C,110.301,111.59691,116.17709,113.64791,113.71315,126.66796,282.26781
stb sprintf,150.47477,156.38369,159.19547,159.92221,163.15438,177.19245,214.79103
